{"cameraMode":{"drawMode":0,"name":"Shaded","section":"Shading Mode"},"sceneLighting":true,"audioPlay":false,"sceneViewState":{"showFog":true,"showMaterialUpdate":false,"showSkybox":true,"showFlares":true,"showImageEffects":true,"showParticleSystems":true},"in2DMode":false,"pivot":{"x":-0.026051782071590425,"y":0.01314384862780571,"z":-0.016622334718704225},"rotation":{"x":-0.24294701218605042,"y":0.2714514434337616,"z":-0.0710197240114212,"w":-0.9285725951194763},"size":0.7083516120910645,"orthographic":true}